"Customer ID#","Account No.","Currency","Type","Balance"
4OiGtg,9iiYmE,Vem1aY,uQpfCZ,BsCuAP
9odmd,aVsrh,abtbI,4NarO,bKHbZ
aIhAB,ky5Tj,voLC0,S87KJ,zBlTJ
hLObCSPe,zXsox59a,tkclvQYp,EfYbqqeD,1f3r7j14
pAxmF,x9nYj,tn1ZH,vPRS3,fQ6J3
yWMVCjC,4Mf4tZG,IVXzdZj,oN6rZOj,5B3pgMp
CsF,I5m,Z7H,3M6,Rxu
z2k,h4k,SRJ,LO8,4iR
0cc8In1,bjo8INQ,UP5cW3K,iRXhX7U,bRNpQjI
S,N,4,g,0
NbU9qzMKyS,jOE9oqnY4h,vNhj6VfMV6,O1OHkdMRRF,EDoK948m4O
hb,6W,LG,eD,zo
hAYbGVTLzg,jIhseTo9rQ,blsLreQuPs,yvv5KtdDRE,D4PZ1OtWvG
jR9eh1obe,57Ev8PBQ4,lF5KQAKtH,APyXbaSU3,G6bsRS2vR
KFcrDbYrc,ft4nPJDEz,YozRQqZmS,VuI9uT8WD,tkV0qGhee
Oi6us5,tYairO,b002CM,u4Zpys,cvgsnS
x,U,L,1,J
QCxxC20i,jjroP0KO,NBTdqkpN,YdJ9CthM,L5ELfoYn
mWd,EGs,La0,PZC,3Mo
6PEpvtaDY7,6UOqDvsioR,ym2DRNG5GT,aJREFrcCeg,nP52nUWgja
eIA9lCWkb,si979UFT2,FSkc0nCNo,sb861I8MU,dz2NnyR7k
VltckrOH64,5BBndRp00r,VUgx0F1hub,g8h9nrD1uY,FqAsTFRjRS
0u84,Tlq5,fYJF,ANRb,Iuku
saXhjg,re9nbn,yJAWX8,ccf2Ku,pPcKD9
OqMr4QSGDV,XDro9XcC8x,4W0tamnqBB,Z3k2M1SAQH,B7mHPmGMOx
FOuu,ccTG,6gjn,vrCo,2Cql
k,a,J,g,b
tb,zq,Ns,Yt,Z5
eiayHh43Gr,4bQUjZcx4m,WEsZvzCfS9,DQQcszt90k,vQaAj17G9P
2vkx1u,LFYqBI,obnUip,EQYPAE,Mr9hJ8
6BD7Hg,4ypNJu,PqfQuW,z7ZEv0,K77L5Z
gLKz,z7vQ,n218,U1aK,MoX4
PQDkLEyb,hYKFoCH8,mjzDao2C,V2HpHi8v,AL9pe0g6
AjCnSqi,6Dx8ulY,RD3v1gW,Z8oHgLb,eHboVyj
lI,ol,RT,sr,AT
QHTUZbWP,MyY8O88g,14YWOnCz,l2DjmmlQ,dEZP1Mku
2,P,F,t,D
mXP,ykr,WRL,Ra3,DS8
O37nU7JW,WW5Tax4u,RkBoQpgr,pznlDK1T,5MeUv6AQ
Qv,rR,Pr,iA,ZL
2TLf78Bjqx,lQuWnXm3fC,yMexQZ1Wmi,zdnNRjj58U,ppgFLvkiCj
5GfMbfWX8f,x1bDQZL5LW,3SuKMBxofe,s2dkOGjsAD,uqqU1nCbdq
4,y,E,P,y
Q,c,W,Q,d
dWro72O,TAmzh7O,TSKQn14,Cyefzhb,728rEWj
5g6SFWf,5yNbXr4,vgyfckZ,iOcl11l,6iy47Tf
JbY8rgB,MUXFv4L,AiR1VJt,f9rSE75,xisVNTz
F,X,E,O,G
GCm,4R0,7zy,ZQ1,xJv
pu,6V,pi,Iu,Xj
4EmXYLVzj,864BUWsYm,AQ2DVTVan,a2umoJhHG,GYtpenRtc
ltcOS,AZsps,VUb5j,BpUs5,Mi4qh
UoY0peNcr,fLaLGQDUH,ypKx4E8td,q40HTYxnV,aznJXn5Lu
hSBiF,2og1b,C3V9O,tQ9ig,YgDVT
HPXTEu,sHdsuJ,GYBJ9d,MenDCc,GH1AQg
b34EML0,KrayLLd,dfYhl4I,5WAblI1,mK4gBeH
gl7FYKfx,oebtvcGf,ES9hCPB1,6Ss2ycdF,KI7L80Xv
dnsaRSRS3,Irsen53fK,BxRkyZTDl,uH0mx51KI,TUZcCe2IN
C,I,s,6,h
NxqDi7s0,UHZDWcmW,bghe3Z0P,sdvWI2iU,kTSsmETm
aLUXhhYm,9NvDPi0X,UxNIWh3i,oSIQYKAo,QmUmToxk
Lm,NX,Bg,4Z,X0
dl2p,0Mpe,vCuI,idV5,u3Ep
j,t,i,U,0
m,k,X,I,C
gLor,f4jc,znU7,ti0P,3d59
m1c,Qfk,3YQ,0tT,7gm
55Nr,pgkh,khR9,ZEYU,xWDc
t5oCl,P1Ndk,Ci3F1,H6yGu,qvg1I
5GmakRrPV,phgCfM3AX,0oTjOU0Lr,6yCKUtXPA,JsWvyo8jR
1pEMAz91,idFQJcAt,vrUhNEHb,v6cWpm7X,r3SIL2Tn
OarnAB,F1tmkC,T2eaFX,mi3dvv,D5aRHn
Y6mk,I49t,tGq3,kz4P,GGbh
Zb7Z3NT,RxLGO8L,dPI7kDp,V9Azxhc,KlEh9PU
vSltx,8vpAc,z9zdM,a8jKJ,4MIFR
Efq,5Ol,Kku,nqj,PG0
Nf4hboL,GaVkskj,vlmV1pn,41cfqCY,FstHp84
7G4jGz,H62ZnQ,xrO5qH,FFsYOv,SQOWff
Yk41eEyiYG,IdE0dXQHYl,AAduXtRg3n,fjBxcta8LU,1GOldVP6Y9
Et1e4,QYPoU,L2IUd,gbta1,KAaYR
9i,7y,bQ,2r,oL
B9x93t,i9LD5n,Mq9yYL,cSU9PG,A7TT1Z
pJ1dM9Yif,hsifcFEec,dsM1bvZfE,l2yE1kCEV,zWp50fPDF
E5jUuC,auMIB5,RiALxW,xTfMxQ,1JykGZ
V2YH,6vQu,FzlF,ZqEH,a9nc
zURm,XLeU,rOLt,lxSe,ZBgM
2,e,E,Z,7
W1mWMm5bJy,btxXM0TOLk,biHhboeWSF,7ip768dWWo,E4vnnUiNyb
v,K,Q,L,H
VTD,TxM,2uy,x7o,cM8
P,q,s,c,i
hGG,Kq5,IM3,EzJ,TaM
BuJxuruPyf,FtxG5gXM7s,mfyEdj8fML,sS0TqDedRL,e14rFtiKrb
1A4He9,WUigqR,59ltux,qAY6QI,RMYFBm
LRPuMu1i,sXL2xpdq,SJIFMjuW,QLv6Fgvf,TKyiIiba
edkLsN,vu2vR9,Ig7nvj,XnL19S,gbcaJy
Hb7U75T9j,3fqepmtZz,t5WLbRDty,BKd7frovr,UAm3J1jMJ
dC4jIe,v3gPKp,1ZWKVf,88Jkln,azvbLM
jz,pN,GI,o9,dv
ys,l9,nQ,sx,kx
Adfb20hMdt,MpsYgB7N3G,Yq8k8uyiiZ,5yk7O1HDVa,hjvVRbSUof
oh5iBiMK,N52KzQ9p,cc1iGlWD,5QeO5aSE,oLbHRUS7
PsEF,EklU,UBnk,p4Wo,EZ6I
UzEy,AuYT,4k33,R0tl,fcjV
K9bX,D93I,IoYU,AEBH,VYmF
sa0m,GJmk,GfAi,dSJc,1o87
aOU1CDg,SFbcXgK,yWFF7iE,Bq7mQAa,maViN7l
T5,rY,n6,UO,bt
ZeY6JN,38kjns,M5RmPU,ZNxnMn,DFb9or
hcUt1,5HpJP,aHRUD,PHvfR,Cpqbo
ngfZIgPrH,ta55d2cMA,sUTsyCUzD,IvhnBRq5C,t0aj9t3gt
5zK6us,e9fy5y,Fgx2sL,aJFA6l,F9SFpn
Ey,ek,OA,Od,NU
1,l,C,S,f
x,u,m,O,u
eVQ,Cc5,t1N,Slv,gUc
9128dM7,GOtsBCU,PFGsdny,JksS6qn,nAqL7gb
A,R,B,d,F
pjQt7Lky1,JBIEGuX8C,UX1qqNFh5,YovmngJ26,AkdYE1ou5
o8uXN,9Odos,teg2G,7YEfd,LdFp3
T,O,D,R,I
ONd7,Cx1R,Vpxn,qFeC,9j83
j8Oyr,MYajo,zYve8,ipEze,1Vp9h
YgLxA0qDeK,3NCCJxNhao,TAajbhv7Vx,RqhmAsZ90g,pjlLS7FslH
nvp4,94KH,Vz8o,3k8J,J7pC
inET,hG8K,4299,2Wi9,nfp6
CYFyCTxMJv,RDAPNKsC9p,QsMNrDAQhS,Y8uLRsKY5c,g64I83k73H
VzT3M,hK3k3,7sWJg,LmdIQ,3hGnD
mQflKTa,eX94Aik,OkEYnq1,0fHBat2,h5hrB9E
3,g,u,Q,F
g,d,G,P,H
YeL0oF8Ma,XHhdide8I,40vUGfpqP,qEYbuosuD,x9ooGaGhz
duzUXN03Y,zjfC4rH9i,psDIPBxL8,FKLFzceiA,Gh22LmmTi
dzK4FQv1,gADgnaKI,ShMJYOQ0,AnemE817,YnDQAdsu
1,C,M,2,f
C,L,0,V,J
I8vnQiE3Z,BxYZeu4B4,28mXoM7Nx,LdjGZbObY,CvGUGjR3d
BaNeO,07W0V,MnT3d,6FQ7H,cBLSQ
sTdaiTydN,yb1C230jZ,e2hxRVmHj,noamOgp9H,Hfn6gipG7
um,BV,BT,ks,hI
YjrRh4Z91q,BF4OoXIYzc,si2jjHCLzz,AKNxRTSfDI,mol9XEehs2
BxZtbd9eK,VtGRsrfqj,88NRFKj2r,cOy4rTkGV,r1QTeNcZh
nkbRCd,ATKH6N,yhjjNA,74kgOK,nCcLu5
eJyoWr,IkYisx,rRtbsS,M8QbKz,xNGr65
a1Xb,0NGr,0lEv,N0Hc,QxHg
l2,1l,7W,iP,l2
5ZV,bi3,aQ6,8AC,VfS
XzGTtmnN,kpoOoakk,lxij6LdN,sNoy6hQH,NkWHrEMx
7xzYKt74,fBKy8qE9,dRLiLWgE,ZS0TP7sO,qDOXm3Nq
Dq,dI,Cg,ih,Jn
pjoh,tMSt,x51D,Ir4M,NZvm
X,g,W,0,4
NBEY,SlpC,ZJiA,UfYJ,mS0B
xNvAO,MbvCy,euFEg,9caE0,py4dA
9xa,MbE,iAC,Yp8,5Ts
PpJ1mpjRsg,Nm0cz9hlWB,dH7RH6XfMl,KBvrVEKEMT,nVf6hg2kl4
j78jAtSs,r9xPiTSQ,codcZeSN,M4OcQkyh,d9bpZGPI
ujaStrD,t7frXkZ,BsUVDB5,CbGS282,GxbGPYr
D,x,J,2,9
X,Z,3,d,e
RD7NIB,HK8AM0,R1gicn,KXbrzr,6y9npo
O4kFVGTO1,L1Vj30XEh,fcGVclcOR,Y3JD5FxH4,iPY6br53l
6Ui7,gU0r,NlV2,zS3o,yszm
S,V,2,i,Q
QsvA88,ehPokF,y0ICbe,N6X0S5,2HVS0Z
HOAnd8HY,aFDVT9cP,pXzifTo3,auKMGYST,rdB1sjgJ
K1va7tzY3,rexo95Dp9,Rig6QRHBI,ZxMgOj7Yg,Lq0a6Ysaj
ek3T6,iLEUv,63n45,shlrz,kXoZZ
xPD0A6,M1O3nr,oNdj6T,SpIM7T,1LvfMO
VQdAx,4urJO,jdsns,YLlbi,FAo3h
QfsOTG,Exk6zl,SBGZ7g,Uv6ZlI,HFnJU8
MyvJN,MAIDy,jksFj,dWpbR,a9Fev
H,M,x,1,c
DJpWeceP,RicKv1TI,WNIJnEzp,Jo0CBs6M,OMgWY1Vh
ean,vEb,KW6,Wg5,pZL
tBgv25,RaOMrW,657khj,R3QS4R,vdvqHO
v,S,Y,H,H
u,H,J,N,B
0bB3v7TqX,ydT1SyVP8,ondmog3iK,sbVx2SzOI,k258X21OM
XY5sl3560s,mFdPgOH8mM,ioGMv8SPEK,85DATAHm3Y,xH5BLuFzN1
h,g,p,i,C
I,R,A,G,V
d,t,X,L,L
Iv1,r6A,P0d,vvf,XSf
VFxr0ChoC,T5CgsZZHj,7S0yK1sQf,9qd1DRoR9,in1k1rFUz
nqqY,SUlV,IaTp,zCBh,vrH8
crG6jbFE,5Vlq2MsD,DSNHGNit,a1WCmeNA,0XhZ7BVg
f2eFkVZSqt,nnhkW9Qilm,H4z8KQ2Upa,ofEWWUfm9Z,n4C39sER5H
FJoA,49m3,3t2m,nogT,6K8R
DVO4y2T,n0N9C6S,nb0jB76,X2Wzp8E,JYpFz0o
duA8eMhz,Pf9Sknjy,ZRv7lH8t,KezAaG5y,xb5aRZka
LI9qQ8,qnWmqa,eSJyJY,1MBvzU,DduLAb
JtxyqcKGEu,cKkchUqpBM,uNLQ5pOqah,a6LoeeD5fO,VBK2FeEiqn
W2ZfLQl,Ut2eLoD,GtKq8AZ,gu5Rbhe,7oD1Njy
7VAaIDg1,uLRXkEUW,G9oBjq86,CxB4gB73,QsWUdT24
IAOv,W2iE,NUeJ,uMM4,rSpm
VnhFzYe,iZfObBc,2RpgVpU,tKdetDo,hbF22ec
f,N,e,u,b
YtR15AV,9r3ov7U,Cbkh18a,Y4D3MM5,VSOozjg
PZCz,suQ7,cOMn,ytFq,NVFk
iNEdOyv4U4,UfYQU6OBWK,u4iY78d4jU,FL8l0zYmX8,36CogcYAj8
WAs,1Ac,6mY,EfG,GoE
OHis,IyRm,StVd,fY8k,dI0h
z5,TC,XK,vo,XK
ZmX42Lrjgo,rfJcHz8lsd,6dBrKIbHjZ,YjLCD42pAP,9VVcv5WWpZ
44BYeq7,5HrF3kK,EuMH2UD,zK3XMTv,TNYVWo4
eKZ6BsveA,suxOilGSQ,Cr4PMpYsP,ML9q1Bi40,Q8oTInpg3
N58zFKAK,OUizNcQR,Y6Vl8ZtZ,CghykYsb,pVxz9Dci
pk44nzrp,NlOSVqnD,WlM7ClQ0,8d0rqBYx,Wt9dHCdN
jM2,vbo,fNP,Zbg,o3G
30,6j,GX,tZ,ds
EFDK9Fy,penE2xt,9GplIVC,lqBRnnX,PGWAdhp
ZAY,RtJ,iIW,hs5,rxO
TsaaY,9pruB,XGhon,xcnOV,OMgBE
lIkJ3VIR,Q97HYCH5,14PcSDgv,WzrmbTrQ,iS0NrELO
F4y,FAL,0oP,rp0,RQK
F6VmuW4I,HbtrhQRH,JFL6eh6q,WmBQ7pkZ,ZxOUkWlq
b,d,q,b,z
hmDD6f4,eiS147I,0Vxu0pc,E3g5Y35,sZGhdWH
xg2pmf97,aB0tWETR,EZICaWlu,3SBMFuvA,5cNGM80x
5tMByBg,RP7dOBu,zM5BCzL,9vIF6rs,cmhpdIl
aLWCAS33zV,bMZj1Dx47p,xHoj80LCPu,O7R1Ot1rM1,JvaljRArMH
28iz,Qhht,7vAZ,Ha8P,pbBc
uOzEY,10O93,lPQEh,qkrdc,qnZOJ
qsnG,UMY9,cFvO,0XbS,LJ8M
yH4FjLT,6orzozA,NxXbnzj,3cZDQdv,bYMneYe
bqD,WRm,WJF,anY,NI1
JLr,iXG,cWB,ZYL,ABJ
b6Ravlu,m95qUFG,ZrBIiuv,hWVb6em,lC1ifMi
y,G,S,s,a
RNRAOL9R5,hY6YYhKxV,jQvOPOYsG,ktL93Ktb0,yJKu8erk4
V9qUGe6ICn,Ig07RHLf1T,tbhfAaOK1r,b4KrIEBA7d,edKj3HRUmr
xKn6pc7CPg,Mkaavc6u9S,ZJWj9zCVU2,WCkL838Qvk,3oSvPPlNCY
1,Y,D,G,k
DoptXOsFt,PIgKZYPoQ,U9jOgOHad,gBDRO4ftd,fDGoxptGs
2sScz,vVFo1,yENNR,zOEUy,zbWn7
UB4OSnCO9,CR87lfE3q,5e8ZqUXYP,TiaOh0hjP,0bHiM8X8R
qaY3I08c,IenW5AVR,LSz3NsWZ,oW3xa4Tq,CWEgSFOX
Fd66,NjDA,6iBG,ATAZ,LYuf
JB1,rR8,viI,dlQ,H4p
ZYh,mBv,GZn,7Kg,ilT
pE2,spC,HzJ,Ju4,Eyg
UoO,sVc,pKY,5FG,2dm
FVWenQQ1Ko,sSbzbb99mK,MEGdfzsZe2,330mqISnEt,TYfP5U26V9
qe3fkUTU,yoLfnMir,TzYvSHpV,0QeGArB3,Tct08rN4
IqUJrT,yuIb94,GW0k3b,lfD9OX,5AQlqF
gjF,Lh8,cze,XE2,Avr
rejSij4hW5,PuvWWTaxoG,eUuCUsj58L,rW9sApRzEr,04JKTvnC1x
xFO,PlP,Hsq,GE9,yk7
oSq3,FDKa,rFb5,yg1c,PDIS
P6O,NnZ,2lq,xED,gpT
ummdahp,NG0KQEq,rYBNZu0,00iC1PH,Ymtmzh4
5,O,F,O,5
rBzHNzSD,ElDGPiyt,iqJpuopX,3W49IOLp,Nm9H9zvl
upsA,a64q,eZQK,TtTG,sXaY
OHIZR7,sKmJTi,uqBPcn,4Y5Sqd,uL4TMC
EJsRcSgA,6B2o1xKm,5BDvCqQO,AYA6H1cy,4WiI6lWG
KV8MaN3H,taAyCfir,G2CqHRpW,gra6RiKM,gredvan8
cn2da,cqekU,n24eG,cJr46,Uase8
t07,B2r,32Q,LSv,Fbo
TKP8Xz,3b5Sf5,lTc48L,RNfJ2F,OpSTkK
pnWM,5eNA,Y6B1,oJri,spVu
tNMR096,2nai7NZ,7A6R43s,Ev6KAUW,WuG8ENn
czTIP,W6WG6,jVkWK,bF9Ih,KsLCK
BFWXgE,FNgyH6,VcfGFR,bzHgOZ,fp4zBG
P2mmEYEb,nLpmPSZG,KYFYy0Nh,JXYFsH9X,MLNSYpB8
9fI7,iEuW,luaa,qKZt,SZB1
6mcxKxY,I54B8uc,HLCJbQ1,AW29LxZ,xlJ76iS
RktGpPkgRg,1tajpv4IZZ,HyMUOdDRog,qh7td1pCfg,gim7Iu6PaA
TeYh2P,IPGvIl,GvoELY,zDfWJM,GmPszG
mDT7YuF,0EIffLP,JmvEsvW,NbW8qdg,42gQ6h8
D8fhHMm1ij,klrfIpeSu6,UEu9pUfTrj,ezsf5M8JVz,mTFlQmLXIa
uEHQObh1I,cTIgUGmXX,nV1SQ6UXT,jf1MLe5l1,xYDaGaN38
Ii9,UIm,WQX,JqJ,jv0
jTLSAsKX,lHaN9KYG,RGJPYnC5,UmEXo26F,EO3vkDA1
24ohcDo6X,ejU2YN3RB,bdpFPO2KH,BkSZ82R7U,dpTTVjEft
x0vi,rp0o,bCSU,rh2i,2rnj
WQ1,0Mz,5Z2,GcN,g3z
V64sV,HUH6c,YbcSP,hnLgv,E6Qu8
C9QnLO,6LpOWP,OxavUd,v48tMn,cpIsns
0LPCC,yEWNE,vNBt8,yxfpT,iZKkc
3eko9,NDLur,Ef4HS,jX9Qh,J82Sm
bl,m1,DQ,kA,Jh
h,o,u,2,O
lMeDkQsicS,AfBGE6xk7I,oiaTsQJfyc,In53QQgegA,gE7RQCRTqp
sdHpLLK,MhycTJQ,qzucWCb,SXflQJM,93oo59g
BiMPaZgp97,uME5PqY6dD,NMd9nilhRF,xXMVP1INJ6,FMF9t0PZJy
zI,5M,t0,cU,Ii
uTk,GBU,U9n,ejL,AVq
Em,vO,EY,ir,jL
BhxopV,iJyEbk,XmucdX,pJu5ft,P8Zzr6
UpnFsV7kn,GZadfshuS,1mGtSmEkW,CbnqIlnQr,cYLTaYOQ7
AiH,gv8,IbR,6Kr,0i6
Wu296ObB,jF7Z38L3,BDg45rCl,YT4NCk2U,gcZrurjO
sm98MY39,dKbuOzsU,ibZYSD8T,mNgc6bMi,fKsgOMgg
kl,0H,mu,Hi,Go
Iqyi9K,L1fEIQ,QN2BOG,uZpiAI,UNUQog
31a16z,TD7Trf,Z0Vvqd,kKPV51,lolRza
UDa,Fu5,jV6,2V0,g7T
qgXXk2J9HR,OYklK53rM1,qlfCS44Yqn,ucjW4vDsti,LLGZEas4z7
VWBZx,dxVPA,a40YY,NHuMK,Qt1Hm
Mu,bM,Ly,a6,0g
C,Y,R,5,G
uF2,7LL,qi4,0sL,5CM
7I,lF,6H,d8,9q
ZN09SB2,xPdq6sJ,gcECcVE,TtXIhbI,gWrM960
F,3,k,l,D
IF,CG,Mv,zQ,WD
QB,qg,xa,WG,UP
JZ,ky,j4,VA,eo
P18,QiL,qiz,jnc,Y2U
FRkQBhgKI,WDCgBRozo,4g4pYxWmr,zmWqf77JV,nODL614nn
556tfqCUo,tDG2i77vF,llMS3GagP,QoQmg6LF7,91QiWULKR
PW06maIP,FNWTnxyo,YjoY1ZM0,aKDlzLG3,qt9rNKvf
3Jyo2x,TfQD3v,Ru9Bp3,nCrCHl,GACXJ8
Aa8paKa6q,3qJB2rH1f,ZKZq0Txc4,iVg7C0N8r,kUvLjo4ES
0mFgl,HSA1f,EYhX0,FhTLG,jtBfo
bZ,2j,md,5M,B3
bSKQyk,9Zn3Kd,s2nkER,UPgigT,vOa4JH
VP6fShCx6,0GzKYtyHH,SAU3bPoVF,yeABREfJ1,gRXVK0d6p
lChfvKS4,tTDU5EYM,htc69b0Q,cxBQbOtF,8EVvDdvt
lSPKgQZe,ONKSKjQM,KtZIAzSk,A14tjuNg,2VuCy82Y
pKdcv7XGm,oJjq30UVx,Yn8rLM4Bz,yM1k5X19I,FsT0E0QHP
8UzHMZM,TlCH3Vv,7yID361,8Ddx95S,3QU5kg9
p7CmxW70FB,9WdSQmxAqP,bc29FJvWU8,EvI2IAyqjp,KIyRd0kNKG
N0VM,bg7N,E1MH,YNvb,c8vp
13p4,ttG0,PL77,jjcd,9Qd4
vYrTy6,TaMlON,KbYaiu,aOVXjt,5FMOOp
mMp,b71,8fQ,88l,UB9
YCf5BQAQN,UfuTjuK01,R0PTgeHtE,L5rdCbTh6,eJhj6WeH9
I1eft1ESdo,lBxSYzzrQf,8cyQJUKqJT,D7ub2UtjFf,gVaNvExg4x
pJYhT9vK,iqTpUHiS,8vbBWmBM,5JOJLzTi,CO3mUPH4
nT9qGX,rUocqp,zZdSMi,4tGnpk,uMc5TP
ccS8,JQfQ,jjau,lvaB,x4AE
UvnSF,sQbn5,V5KHE,Y0pCI,gNLrb
G2K8,6VDD,GGm9,hmDY,XETZ
bFW,215,S1R,mYN,fTa
odg3lp,Z8BClj,HLpSCk,bmcRhL,aQA0BS
2bCSJ,xKUY0,yWaGy,cxsmg,MVZL3
SGjs,9dkS,JLuE,itlp,Jh3a
H1,Dt,NM,g0,VH
FWfN2aIn,0cGp5pUj,3q5Xan95,KiCOB1gl,dC5C0yTj
yFE,BrT,cQ0,m1j,CgQ
uVDmcXIz,etcklDIo,b3U1G2E9,6fjj4TjW,c3uvE0NO
xu,pK,gC,Ki,OM
OaeEJf1dAa,sNOkTtoDbB,UfWsUJe9EM,ANXxeNGvZ9,ynqqIuvu86
s6dvLpe,bp8ktzP,QehpuNK,WxeZo3I,LzzWO9A
C,F,u,7,p
X3NdNsG,1LmhpSk,z7TZJko,fAZrgoY,VmiKiST
6F8QYyU,Hfm3c3t,snLZhfG,RLZJDSE,fP5ab9p
xUztdR,KuvNUH,vBq6Bd,1qVlD2,51OUnI
9ufyXW,UXhkSK,QSoIko,6aJMPK,gXZQsH
Erh6,SnXU,TQhP,I1LM,AmXF
UKjz8E,2O6l0Y,CnCUnZ,0DhneG,80Iogl
pJd,S7K,bJQ,UiC,KVM
n5,hR,Md,6X,Pn
V81RPii,S7PzJxO,OKFXlIU,iZGoCgP,0dHYTeR
XoRf6tj,5XBrsXz,X4pgVoY,zXFac2g,R3fnqLl
oJhH6y,vBUd6v,Nv6BWe,5k1kDJ,16vWUs
OKYsdG1d,LJoS9KZu,BcOZJDha,EyAXVple,FGUkOD37
FioiWpMco6,xxtFKlV3WQ,GsQUHyolxh,41sajMysmP,4FSnLHxToW
4tdt9RmJ,ZLbLYUTA,Dr5oyLfQ,SXAufpRZ,9dKbVpHS
XWaHVe9,HGfnysI,FfZJnb7,vH8qD6N,p0dUxxt
mHovS,8Xjad,30osv,kkDTX,LPv91
l3UU8,7K7FM,zpMdZ,YP4ZR,Jheb1
WAXHMA,gPUv99,LLT5Ar,cpnUyB,nQDXba
Qv,1Q,pO,1R,Ih
H5bpfjRmtC,nnYtGzA3fH,kQDHpo5DAa,o2zuikUm8L,dX131Yubbn
1H,yZ,YZ,vn,hD
JHTuisu,QNeguAs,7FkqzIj,3F82NDY,co5RlE5
J,7,T,B,D
GhWe1eAU,rmIMWa6N,VMDVsobK,zVYMWxM7,soXkRSq1
OTlpq8y4,lQFMjCGe,p7k926yc,F6jtyfNA,zNWxs90a
TnUq,g0eA,xORG,LCP9,8Paa
gW,U9,3j,Ja,9V
vrvXqqzgU,LSDAiAcXQ,QikeV6Oh7,hILSYCREm,aQNcu5aW0
Q5BL,iCSL,AKSI,3EAo,aEoZ
h,P,7,g,q
B1ZUCSh,XMAJIjK,XxpC0yS,nCXaUpt,oMGd6Ls
UHm8kcS,jAUqOd9,y55yfbl,IsR0523,lPxkS2S
GIrE,bjKa,JKRQ,68Pf,sza7
CGmx,gdvp,r2zW,ifqf,19Kv
tvZIea6,9APvpOg,F1X5Jt7,qzFp0Ux,oYFMbfU
4kWpzsx0zM,vA2uNKBUaS,Xt7Y8iYQ4b,jASmcatF5M,dPsUF6hxt2
N9,Fe,E0,Pp,tm
nd9,WSO,82R,OOK,PRX
ic2,8rz,FrR,U5k,Kh6
qWl6,N9iU,nzS2,XrjI,0ufs
aAo0T,XtrSO,PF9lq,Q6g2C,Q4SiX
ipky3fxz,yuZ0eWFQ,HEyHX67I,j8EFXH3m,GCUT3ts7
Fq6ilbO,Makodcx,lbmRDX3,M856Eek,d58nLuo
Oeod,kC93,72fr,4lMe,ZXpj
Zsn,tSQ,zSh,Scp,l0U
x,o,f,E,4
c7Z3,kY6v,CBDC,ziXe,osGA
I93t2,AWxut,aRoVN,0CnAJ,VFUAV
Y3e,xfX,oOp,uu1,qHa
BPr7x9,d9KOVs,43B2kL,MfEptm,DJlxml
f7qsi3H,HxtigB9,BMSc45b,meScjl1,EGsLuBh
9Xl,oGT,vY4,gQ3,zeQ
ySBk,OGzP,42vR,e9tP,XLGf
Q6u,tG7,4gf,bIu,A5n
PtSBO,ucU8A,Huzka,FRoGU,Oq3D9
QjqsD5rds,UzQkhudPQ,SHrdCDZqo,zIIbtHnhq,7drUPOnje
QpO5g,IQ9x6,L1orB,ZuKeX,5Ljxe
7HFfy7,1MohIu,QBxhv7,acEzR9,eQoImn
9JRi5483k,PJ2I6tOpF,GHT3N0sWb,rnlR9QkhV,mBsoCCr2A
b7KvTP3oA,AFRNdDJXR,XOdWfikuQ,lnIGsZN5W,G6sYgrWLc
Y90BlrjU3,sHCxJ8Edg,ZUYYYGUBD,uiZ9YHrMW,s3BVpImkv
iepq,Ppqe,Wac9,2Qqj,fQnr
2x78X1P,m9MPOzy,p2AjDrD,K2Kl0yQ,0PDeYQG
t20BI5u,qSVGv3p,vJeVqY7,ak0f643,XfkZYZC
8X8JH9V,lIsleRs,D19ZRJm,hUqC7Zi,nLs2rJM
uLuI4O,2eGiU0,NU928y,n15rgL,4P3HDK
5,j,I,P,W
PRY,oJ1,qIv,2GT,zW1
sS,4n,9M,kd,Se
b0z7gp15Tp,s2lGoQpV3m,ZC38DDpCoj,zVkWSpGpdN,vqN1ZC3d0S
PtUQ,iAGg,lDro,e9WG,tpVg
rJhnT,ajgBl,1Lgy8,KxVhZ,8cWEs
cCCV,o9a4,Hb5f,dBmA,yVaB
CnQ0nPDtMb,Vj0bkLiNpy,LIeL4peMgN,Hi4pQOyF8I,hOcLVI9I7X
y7Jm4060,rKzrxfKr,2tx7TEds,MLNcbuxL,to6t0rAf
Yz,tc,zt,bv,5j
9,t,D,a,A
nU,sz,rh,PS,3o
LlmCKPE,8hLRR1q,fF4FcL8,e5Bm4xr,up8oW0W
qY0jo6,k5oYGi,Z0kTez,xHaJc3,b9xAQQ
frZAWjGs,8AtEkxQi,izMWpAfM,m2L9Z149,5a6h1HKf
NL7tb,DZpIQ,GHI7Y,9OkcD,5HgfD
snvqTtm3s,NO3uqLI6u,Wnog1n3jW,lo4o30uON,qyhAtu9c6
3ea28,cD8mM,kgWGD,2boOV,s5k7P
kj8FOFIH,KadclrE8,t5tq1dSo,rQPJJg6c,vjABhgsu
GQZ,ICn,Ud1,F0U,1Os
80,XG,e5,Wp,H8
nOFsn3,5tDSLZ,T53Lm2,TSNqyk,0QLdUv
k3tnu9UH,c4FpKzL2,xSMqLW6P,vAyjOPTi,aaZv5x3j
8pYJzeS0z,k2Ogftitc,KvrnNxxxj,lrefDYLxN,bDLpSOrGm
p7nBjHj,6CFBpNk,xa290S2,2UnSDpt,NChCfSd
ORmA3zIcy,nqJ01a8Z3,1CsedoxHy,BrpK8Hy9i,9NPgITFTK
alTJ,NT8h,QrPm,Uuk0,VGK2
dvp,LXI,hId,icu,svx
HAV,hpb,Gcz,cHc,Zna
7l3Zrvuy9,5zDOWl7yF,MNUT2LxH7,e4c7b4TPD,1mcqKRcvi
Ii7qrJdQW,Lnp3iQalE,f5kycxlzC,NS9sv6HmB,t1XTILe6C
Tfe,zPB,FGz,QpA,CtQ
02XgYJjk2H,ERJGaRYJdS,BvV6VszeUo,7DOPEzHVMt,iq1DFdnhK9
FpdQDsy2Km,BVXdPEPsQS,gHLjQAkzc4,Bi9yF0eODP,cbQl3vtNek
K,e,U,f,B
i4ArAxtNd,Q3QbHHZ3J,VkJtMAK8S,YZj5SpKi6,N9nNCBPbf
6mg3M,nZnWb,ELFjm,H7ml3,7ePeZ
vfzMa6,k8C0Oy,AHnEQg,fECk4Z,QGeGi9
9CNfPGf,dYoAf7V,8Fo4QeK,OlJ4ldA,5k0EXRL
qeeTTeX,fTmc8JY,OKbLNi5,axXIMfq,TuDWequ
eyFEbL3nLC,0Yq81U04Mg,SvCBPm2Qpm,VOWHbdpQl5,pSrCeE5Dll
JEEtOKzn6,GiWCcc9pC,jRfXfnN2G,3gDTRhl8R,yc2Ul5EOY
uhtH,AhuW,HIA2,24M0,Lxlq
PUBILVCCfp,2YUrEMprG1,h4G6G4TSbm,mSIlpjRJ7z,FUO9at8MTO
TqP,ler,90e,GCJ,1TO
rt,lY,5j,gT,vn
lg8hzTgI,ugs7sFgQ,LQ6oBNRz,mvc12v3c,E5LRaQzA
i6q2XxTauZ,vNQQliffhh,r0fk4ybYbI,I919QpVbc6,cxAPo5c9fY
BNqsGY,CGpLOv,RTa9tO,ZEas5P,NqDlUR
sijXA,xzkJP,iFko0,XDWZ4,ZeAAZ
4rfY1FKI,qsIkpXQM,TNChUKa0,I32VrFxJ,S8NasQ1y
CqioUC,ZCeKnm,SzU1Ky,qbF2er,ichmXa
9,6,U,P,t
7,F,x,k,D
p,s,Z,h,0
QAzxhemYUu,VUBhSfL4XI,xB9vBerQQ5,mkLKp3RDb4,jMGMu990NL
KdX7fbirGo,WsGhxNpGRA,rEqQPQapvv,58NiUvD7az,tmxDslsecz
FuvRmy,Qn2rW1,0yXr2f,Mfc9Wl,kahYWm
c1,bZ,FZ,XJ,Tx
36e,nqh,fYb,EMm,ATQ
M0,DG,gO,e1,hW
qO,6t,9a,9C,QZ
5JM4AhTIZ7,K8W04rvKvO,dJWldXVtMG,HDRstKOmQp,tbzdpZrAig
Mbnj,p8U5,Eg6F,oAf3,oP7X
dmLNuX,GzlMoc,z4A6Ig,brfRjM,n16mRA
ed9uIrPegu,O8bQh7fuQR,D4mcA8nrcn,J4r3UmSSRE,qAu8D9rUV7
CcZ7Fz5PJ,MovEBTFv5,oN1qmCz4C,uz2goFItc,KOnNeuYr0
Wk19EY,4NLWfl,VT2pqx,Nvuifm,tkevTW
PqLJeIQHXO,jpgi21OLEs,A5uKtjoMN6,S57ZdIeNkc,3XtJV8svAi
Y7cr7A,GLPsQ4,Tc5xEy,YZZlKr,q60BCj
IacNWc,tMNr6i,Vu6cWL,eM4NIz,9CH6yx
y,G,A,s,D
G,S,8,N,P
uq4U,H9X5,FbW8,E8rB,giSd
Xs,dK,oH,PC,nH
VE,0a,MX,dy,WV
cP1phv,3mDOfI,9sIANq,AaBjFb,dXpJHH
BjU6,pm1v,2m7a,0iak,0VaM
zxeXRffU9,PDtVloeFi,dy1XQhISZ,1gWi4yfPX,cNYERadNf
oWmdso837t,z4T7yACGMA,mUpUAvRPtV,3t7roZFqtk,KcZqtuZnhZ
2yOZU7V3r,2xia4DKgb,Djp954EvG,71hnER7fK,uuujoIygv
FVLPGo87jJ,lamiPVlVD8,esB3nFaeOy,M4udvlRVct,yq8rDhocPA
MobkMBHBBv,UgP9BD9MKi,GNp4eQc2M4,N9bdL91i7k,E2VTaxRxCB
Q7G37r5b,g8MS4HjU,aFa4QbzN,H2sPE7e7,khTqnxBB
XJai24Nbo,fNMy4ngcA,kiS4FjCUV,NDNe1e52V,gN5ROH08n
GU4X3QrHB,K6JP3L7W8,0n1cFLxTb,OoNNgtrKn,iZPJlU9nU
S,N,U,N,r
PRV,qYe,JX7,3Dv,kGg
Nhi,3i7,nd4,VUl,9I3
u,D,q,2,6
2OgqnR48,KK4T4vCv,MNNt9h1x,k45aQc5N,FDABqJSy
o4,lE,zd,xL,l0
fXk,WoH,0XS,z07,XCW
8,o,d,n,D
u9C0bpGS,jaNQxGWV,p5vrzTDq,05Ovo2vp,8T6CKxI4
L1h8nUjL,8jO9gDlE,zi0S0hLS,18mjIuFS,JbCAhHSp
EcLHD,25QrO,e4TF1,CSfSJ,YEIKD
8LTfB,B5idW,ZEnsY,CnicO,9NvyX
9ql4,xAMU,rWYM,AVYJ,hxVq
b5nIeCDTDZ,SU56FW67JA,1kIz5oZbqk,PIjb1lgPKU,qXykKWbWEp
Nz9A7t,ksokI3,7ftpjl,ZWVJCY,lKze0I
g,W,H,O,D
3y8,VvQ,VPy,Wnh,Bct
oGAMv,leGBd,o7TVV,EU3Rz,QBlCV
WD,fz,RX,JT,0K
aU1GKQ,kZoE1F,Op7Wjh,zpRpDL,PZyjnM
TNCl,MXoF,LnSx,uBoV,7ATB
5N,XL,Lk,8L,j6
J,h,6,I,e
AcmZYK,SqdJHA,3yUSbI,Yzi4By,omPm83
H5OI9,OhNJk,t1ovm,oG2CD,OPdae
A9rZomDD,hkHz7UfH,IH6lgzjW,OK0f7uPi,MbDcCYjs
e,9,I,Q,O
Btj4Pd,cSKQcF,GvLIaU,9THMfV,HPWt70
4fjDb7xKr,6j6tFSyJV,00cbxYVdK,Wc0L61ERb,SomU2ae4M
zxXB,QtPt,aVRY,C2jm,4XAE
Gbhj4keC,dRfo72rR,Z7moGYzt,5mq9Dpig,JZ7tuJL2
IR2fTWsPI,TY5EckJIG,cFNPVrZFk,IY7Xc12Z8,e0tVSHTJx
j,W,J,F,g
EA,fM,Lx,MV,aU
Jk,oV,R0,9o,8q
kedUqLxhY,icfO5y08x,xkSZKnmmc,YpkTZWWLa,jbmGFfFQT
IT,U3,fZ,Ql,cs
gxOj,1BJM,gsst,fzfc,iQC8
auAZaoII,uu1TpF8p,6pzyjygD,0HyFaotj,la9YkzYI
gAs1cD,VDeaZa,HdVo74,5mNJuG,VJyUS0
YMH,0Ut,OHN,rmh,M6q
c8lAuXnvY,sJMrWxYG5,FLf3iGON1,vRG17A4QY,VPR11NG4H
dubRDj,KafiFm,dtaq7g,EZTIWo,MTX3p7
y6o6Tu,Sc08F9,YzhpgI,R9iqON,uPDXR4
LJVggyjI,OAbQa9L5,xESg8yYH,FdlKQYOp,HYFL9nl1
dt76dc9m,UnPBEBCb,rbbTrZPE,HvXNVJO8,RKoxBD8U
k,x,P,D,M
O1MJSQZoJJ,2TFceZA7ex,6LNU72u7FN,fXOEfXqq01,kpSzHJiE9N
yXQ7g,tH6bF,qM1da,elqdf,lI245
7J,E8,fr,Nu,Bu
jjJ0QZA75,Pxg1Mk7nG,PaRSuunpf,e40cI1KrS,6ksoaDWn4
6eMTPWG,t3hRA0R,kxWg6S6,b1hrRQ1,nWsGbh6
GqEEFEZO,E1OIt0k1,SdymRWAJ,DXzp83Qn,euN3W4zu
a,F,v,J,W
cbKOXX,VKfh62,xWH4V7,cA9ZvY,SAqKVU
RLz5l8QOt6,LfKjmt9en9,PncW5LfBNB,TCj0nyMjMZ,GuneC4xA94
5JLEX1u0,bPnioZhl,7QC74KEy,dv8HqOlY,Y0ApuG9l
YW7x1R,zEde38,22HML5,iFvskp,aGiCuF
v,c,D,x,I
zDslK95,V2TJpxu,5qtkiIm,g6583gb,6dMFRry
B58,zTy,eRH,P9k,GLZ
TZdxGd,pmIZtF,Zdfb3O,9inbOT,Qeqgl2
1e6,lVF,221,mR3,KC6
ps7lsiUExK,kXAbhCd7o2,f0U8KOsOox,Q10fHCgbfB,BlPrkZeQqu
tAWretdb3,sf46u9jlc,YOZ45ctQZ,07VLdA6hX,ze4RDiZps
MVdM3iaCV,6FuNbHkjg,Z4YIWUMLd,fE1F4MXVE,6Rd3OIIiY
MXxofM,fXhCv1,5QJGUK,f1md8C,1i7KGj
AaaRaqz49i,KR28G0fSdP,046KUVBXxG,HqGDG9ov5J,MAnFmV7abj
SSELWe9rK7,NypPDulelz,9DdECRmkvz,xVCU7SFBek,pGX0pMi6vS
9,u,X,Z,S
oKAbvBX,B3I0cBL,T90TeQ1,KM1WzMq,L97J1vE
6ceKg,nO4BP,TTTVD,QdkbD,UqgBM
YUmfOH0ZR,zbI85I9s8,vOu2RAIOm,FSdzMdgDI,YHeqlgsYs
puh,Xzm,tpG,Jgc,0Ue
Rh,19,ab,cK,QV
h,2,y,C,5
kySoeega,jnyBeDKc,R9K5MkQu,Gn0tuyib,L3qndJAW
JuY5psYy,xmKGaWPL,oSVUyCCi,M6rZdIpu,UvrlbAbC
QjpB,yVAE,eGWk,xOmn,IpQ9
0MJjTPx4,LUOrGqOi,zi4JpoSb,qsTLzLRp,T2do00HO
QTF,K5q,t5c,JHb,q26
6pypkK,gO9s25,VXrCOc,j1RP9f,KZdifm
k,b,H,S,r
NsomNUnMdj,SVbRSCe5q3,cpXWHKxgmO,pO1R1D4Weh,I0a73shXeo
W,S,D,h,x
zzi,tKe,cjd,9an,Tln
IQ3mW,TFOlv,MP3SD,Wxhl6,KoJ2R
NPh3eg4t4,HPZQ6sQgx,cv2kzcmN9,3ak9aWE6S,lOsBK6P54
1RzqMSC,MjF0D8t,Y9zclyf,os3akMF,hn96QAv
MBsR7NIf6M,B8WgJRVH7s,kBHAo2PF1v,VvUPbqjmi3,4WyDIlPLzZ
X,B,T,o,4
aBNF2E,N6PJ2x,Iuj1b5,PQNSnF,rivjSa
LmtkoxUj,oqoWsAHb,lcsVJEje,BOUOXY1W,9tvDHN4b
9yOAVtDnsz,zI8K4RvDTI,zKPzXX2ja0,X1QliZjLdc,iHEzgI1uOz
c05y4Wk,onj9sQZ,qv5HZxF,RdK7vfW,05f2K48
VBpgq,C1rjj,Z5bEi,63Kuu,yy3vk
lMBUDnC,dvubDAK,sn20TOc,dtYSkXH,Oxdllxm
5,b,2,X,7
kJIbFL,X83s4L,kZQja7,RnpISU,AdsYnR
Xtj4qRBOK,iI5BFUUSx,GiEkFDqNG,t5jGr5qiz,o3x5ASbZ3
F4,Ud,s7,47,3q
30,K9,zs,0b,kO
V6duyRB,XeTK5Je,t0vbiCT,KpMUIZW,dg4l6MI
Yr,Rv,8Q,cA,DE
x2MHOjbGr,iSJ31pUJB,Io8QkDFge,n1mPc2Q2C,T0oa0eCFG
9VC,k3A,sDs,OlJ,m6W
gqMdBlME,EXPcxR1e,kihvFViR,tcPaOMIK,S022RLhe
7lOEQ9d,i7r9MB0,m6p58yj,zHDrGlT,bHyLbjO
fC2,ZDn,vqO,0sp,7DK
IRrTBLG6,Iy3pRaO8,cjF6g49B,dqHQyqSV,GlPJK7KZ
OU2eTsyiPo,DvJpMvJdPj,b9XBN4glJp,iGiAclLyEN,84F3FITkck
cF7KfT,g7ndmP,6ugb9L,VNPy19,5sALIF
GbAP10U8,9JtYzx7W,xl5RH10i,KfI6MYGg,cgtaLg9M
KP,Nr,Dj,Qr,0Q
nXJinI4RUe,cPdSg5FnjI,xi8rIo2c2T,geTqabrrOA,PWjWOEoDaf
f,Y,0,n,v
1rEBxAPvc,V6dYaIUub,VxSMSUdBH,NkndUgGRp,Gh6AgC08X
5N,Ig,6l,Xj,Ym
q83pu,7hXBT,qp7q4,qf1Kq,WUELD
IJ8sItkN8s,OrgdGRuyei,p2k3Rz4RqG,Eu2xdClW9h,MjOmS1tiLW
a,I,z,C,B
R9ZnS,cOgZc,BLWSZ,3kLsl,eQdG8
aPzK,KWZv,CrQr,xFv0,0dPJ
yr4iL,m1zbB,v7cUg,qGJrG,F4JjM
NbEzOFeoX,zXE6dIAMf,leQxlHSUL,HyAQ7Vyp1,4pL1WaQqe
TsxqI,f3goI,YBVU3,bsxoe,q5CqM
oKb,KUH,Xp5,4x0,KV5
ZAzSxz,Q6zZMK,KMpEhY,0j3Y7d,Ib0tja
Bv7e,UOhG,mGl4,sgNJ,zcJJ
YB1,ylV,FDy,cQL,hyA
sEGYHLi,ZgBPJR3,9nidpfo,TRJqXFV,MGI09eg
8YOI,UY7M,gWFg,0VV3,BWQN
RAzo,vo6C,Iqpm,KcG0,kd7I
yuYr6Wk,BPTXyv0,lEHAkue,soJRdc4,5x2olQx
UFFAajsD,XqiyIjBi,7FZ1mrj7,FXG2YI7n,4UixbdKH
g5,hb,fh,6Q,bM
3GxJuB0V,rQGPGnnS,z5v7iL2c,DWD0mkO4,QVnJGQ1x
a77M,cyjU,VCsr,Lhva,0gMj
HHRZzTi,dqTv0Q5,VdpND6q,mrugSs9,JrEj3zH
iThagzj,C0YF9ir,Hjdcdgm,gKcNUiO,BjjDWFj
a,h,r,F,N
oGl4hD,bbUGeb,liHQk2,VKxY58,DC7tsZ
vi9,IUi,TC0,4Za,WP1
Q6SLdg,5plpWu,gKqoW8,7nUFi5,C4cSen
fxl,znu,tLy,6rP,fbl
Nyu,BBS,7Zc,sLz,GK4
h2fVNWXnSB,sLzVBrDsaM,WDuGg85oMj,5oIG3sSG2t,VZ5kFK92R9
kB,Km,SD,4T,z0
K9qdKZygn,FAXQx1q0Q,t5do5NP8u,5ftLKf4m4,yovz5jUD2
3KJuP6oH,xS3velKK,cK8X3jJO,GN2X8l9l,9sQ3id8v
tmhr,avYs,BFPc,glmV,oLR4
qpWpG,2KGHy,z7MTE,Z02tl,fR4tB
J31EZA,nf4KWb,t0g3Fe,skbaWT,7Zumua
RRzWZ,LWYDC,TBhUB,ECfRc,EBrGY
DFVYFWit,F0FIfP53,sEaOunXG,5RtB7DaH,VJmKyteL
ATSuM,fsjE0,Q1fj5,7dIrZ,Udml8
jO,DM,s9,xT,2F
T5,KY,hJ,rx,vr
rMh,JVn,FTs,5K0,1XS
HjTuuPiC,vRyfXdr4,dxsPLKVr,Z9NM2g65,G1FkjzyH
NqoSZmApob,pyCps6KhR1,AAN6SWctyW,PjiRZQuWy4,vJkzi0oaog
c0,Ai,eo,Ad,Gi
Oi,eu,Sb,ko,6x
3tCC51Hp2,uol7XznfG,lhc5WWHhy,W1eKo1fpB,95l4SXkyB
YhGoD1v,YSToKYg,GhfEcWa,KCn0R6k,XQVQVUF
GX2v,x0oK,8QF0,k9dR,Nrbt
jdmtKnK,1RS2qlU,tysRxAe,szhPJyn,YinBMZ7
uNPyJIeyV,kTo9WRjqJ,DAPpFLA9Q,v4vHfoBH7,bn9KdEGNN
RPA10,geiVB,tWDtO,Yok46,7V4ld
i0di7,KHol1,RhukQ,GotQo,5TM7W
Mv,bK,CM,bH,hv
PhEWqqkU,CFWI6DAg,cjTEgaPm,e4EBUc5M,nerAIWcm
eSk45M6,HjFdiI2,xpC125U,R1AMxaE,ezh6nxe
E,K,K,v,h
c,D,j,p,T
kg,q9,82,vF,Pe
d27,17s,FJ4,aiW,hZ5
c,T,D,K,q
PknQt,9vthH,MJVts,PZFPt,PiUGj
1Q,4Q,JW,nY,Dv
Hxe,JFu,1t2,x2z,WgS
mBms3e8MVi,SYkAOGWyXF,GSQB1yGbuP,MsrysHS8vd,Vo4UGoX0Wv
A,e,4,G,g
o,u,K,d,k
bib3DBM,RWvzDF5,j5pidqy,15Q2cgt,C6JF1M2
yG28,WyE1,fYt8,0x9a,nvuz
MuBii6955,zLnMR3VAC,zPgMNyjIB,oim0fPlpl,Llq4IFFeH
BFIo,zqo2,GYgE,3AtL,I245
KUaPcy7z,qh9ScEXG,Ni7X6sNC,TKGfmeCD,Ne3RTMjy
vrck33HNW,Ylh0pZ08F,Wi7I9uNQH,45hEFp6Zl,yhic7tAI2
M8a0bU,7VJUFN,eQyKAO,l8V0MS,qxgPA5
cGJ7YHGrI8,BrjZm65nCS,1aNO4H1XHp,7ENTb6xkbA,DZEXnUysWY
C0FyQpf,B1TkZ9T,lICHVvS,n5P333l,El16Kl0
cZy9i,IIYTu,LfG6O,k9duQ,lhfvo
XL,S0,BO,iK,Jm
XXkIzTe,cvPCxP6,qSsRNPH,iBgq12D,LMB3XEg
N9cNtdvB,KzhDZRqB,xd59z12F,XDyQusVn,JYWsb099
6V2A,5Bty,p7Sk,el1U,vIX0
kuRMSJ6V,qSmFzHUU,GAgXUebS,ZDifJSi6,20lbnIds
RzfvE,yW3qz,YfX6v,DgVjO,TPDZ0
p2AVOi,IMW8yH,vabtO7,7B6vc1,FgQchx
zdLz44ud,b7iHt6R0,ULfAGC2f,kasQzuTe,S6Lc74A8
Pq8,lcY,SCS,ISD,XT5
5je452cq,7lr2Pj1r,08OGJHsV,ZfjvEZcI,k1HxtZyX
NG,C3,oW,NU,7g
WWS,InD,bVN,h0p,xZ9
lz9UuZWKS,AqF1Yj4qO,vVduQThKC,346TmeyS2,8i94OF9p7
n4byiYq,fieIf1k,kBHVvof,u1zRgNU,K71vL4L
Md1,x44,Dum,9Bd,cfM
El,BG,VI,gp,79
A86VKgrMss,UW0o3o57V4,0P2D4GWRMV,UmELg72xG8,OGe9tAEPiC
Jc8ksUz,OYHSJXX,Xl1Wn7o,rJPo4Mg,ofI5P8B
FxtHBYM,jZ3YYPe,Zoyo4q4,HVVW8jL,UNjQMef
GLGKu74IZ,lAKTc5gH9,9ZJug8xuC,beFsbYBjl,o0nsJPBxi
j4k,atS,sG2,T3n,qjk
dV,X5,AP,hc,ZB
FBcbegX8,YLnaqfyf,aI4i0BKx,mFsAELD1,1JZs6P2c
fjtoRJXoWJ,BmRr338hdT,eFiR1CcnRk,Dz7Rv44ClL,Dgk4hKUu3u
D,a,0,k,J
T7mLNDI84,oezHsf66B,I1ESv31cX,2hHuP0Zhq,LfPUQjx8j
9K9L82B,I46XRC0,EUX4Sqd,nkl9Qqh,gFYKTDE
S,J,L,1,l
n9A4PTX8,xiMlZkEd,mPnn5KY2,Xh586Dri,aY3xL8K1
6N,Qk,Zk,Vn,ua
kPfHQOhxy,XYHzmD7gc,jj6uAOYMj,RER2hpj1Z,OxgXqHrG2
1E3,T3C,SXt,xQe,LZ5
Z899,jtT5,TGIm,nhbS,RMWi
MDVYaNN,xPobtUy,PSptjrG,D0cR5AI,h9WY9gp
IP1LV1,Xm1QAD,WRRU0l,zoKtq5,3Q4JsP
KzQ,mtz,609,JrX,Uys
6U3UIK,QIhcaU,vFaHjh,FeXIg8,fxZ1Xd
3v,sB,nU,rn,VI
Uasjb,5NDYv,uuudC,CKyDq,jFzMH
O26J8y6dy,RRiXJeG5D,WCkff7yGh,brJeUZQna,u86kKjEn1
UEbFdxeQ,xttggfRl,YQs8aqkx,CebtRQmq,0BvYs5yL
A0geZvyXLN,8IEy371uEM,jk8SWXmSKl,en8QdeQAiQ,ISWg2fMsbq
cndRFgFq,CyYnYIIK,tNTixYm9,fH6CbCai,DiIE6mmi
BbvbM,XEqPr,vSstP,vNDhp,SodYp
i,7,t,o,y
OvP,RYS,UXH,G19,1ny
xhX3SAQ0,oYvbLxgt,uvRoojpo,7mDkJetx,W7fc7UTX
MLkNXRi,elZ5bYc,NPa60PQ,qxkx5b0,ofELGVd
Beirn1,rO6Bp2,v2uv3n,1BsiIV,dzD4Fm
TE,48,Mz,Gj,iQ
ydeG4IhDQV,bCUU4cy6eS,EkeCtE7lsM,SnKM6JOpTL,FxvuylvFjF
e2okdB,FMFCMz,hFbtgO,IbzN8l,F8bi0X
2nbrR0V,IZjSXKv,e2D2M9e,VbygFuW,uvKMXvb
mF6nMG1x9,jerTKK0g3,Maphki1WQ,jRMVPH7aS,reLMnvp8E
mVSP,CMSa,sZFx,xFQf,CqTJ
2qXG,ms5z,uKQr,miQT,1L7l
SBt,3F2,PJl,ilg,dj8
q,v,s,j,k
eNnX79to,sF82QGH7,SCeWIVx6,7okoezWa,pFya28R3
6bn3G,TuzC1,xjCV5,oLTJO,iDS0S
1RvqDHvyXA,GFLt4Hy6kh,IzftpRTjy1,uqlHXoilVG,8jA1ieoe8n
zf,hn,Rs,rc,Kl
uS1hdjEjg,Ljy4tbsGK,tUIm29DKb,38H0YOxcT,qkydbkMOb
h,Y,a,Z,c
UvTTD98jF,muzuHrODs,AoqDBOEpt,tjXbvjQLx,vQJssBTL5
RNvG5y,GCymdz,vePSu7,tlrMEr,rqgWEY
v2UIUmkRK,A60ys8xTO,ziTIcNaNt,22cJ9lL0u,JIMd41GHH
RN2Z75Hq,KoxKoV10,jLJgv7n0,L5cj0PKV,NaWzVyLk
rbNo0OI,Qi6dldi,5gP54uJ,LiJGRat,BETVtIK
msuQR,pLV5d,G0YEP,X8vGo,cMmAJ
gMQEoHm,Rm8TIFD,Rn1vqHZ,pvWyTCI,zx4ITph
OIilRS,qBqH7O,1FNiaH,6hbOG5,Tb3fTr
TT4zrhNaqQ,EWW1kgG8kz,2Ly4Ql4HAD,AIk829HmHC,IqFYHikE2K
ZsBAhp3,LJazgX3,Ucq9cT0,6PrVQdj,SB2xVH3
RKo7aejKN,PNyW2WHkK,nvzZ5Fgll,RgbXgTrWY,Dh9pCzpk6
JUgQtUX6,v66sKAC1,COeb11NR,3bKPnkQO,myxIzX9R
gulNV,1Fmv9,N9N7s,adkmq,1xQsp
ysPI0HiJs6,1VNP8xN2Pm,SDE3q8lMps,V6jWsrEabZ,psX1qa0Bp2
17,nN,oP,m3,76
Yed3qYVTgu,JygmcDFWnj,RVEDfs3kEA,7kYsPnlBym,UZdC3ep8FU
DpL3nr,HM0Jq0,IfFtTx,HKUC5S,6bKNmp
nVNa,4iqj,FUvt,FILC,721t
fDQRHilFa,1qNkAjdqJ,o7elHTKQc,24EjX4N1r,tQgWGsshp
Mym6KgH2u,ySOdvzEDr,ddBvqhmkR,cXev26NuZ,f8am7NLj4
LrBkTXl,ocbAuAC,4xrnOmr,aQGSiYQ,eozHlUV
T3HAk5uab,yTshF5Egg,Vec50P2Zs,bpD89h862,IPCf6JO00
90upR6W8RF,f8crrKRoL5,SbzIRutLeA,2UbN0pL0EL,PjAOi1JSSc
E42X07Jpk,R9kFgTQGS,EIdJA9xg2,epOesROeC,J2mokKUzG
W,l,e,N,W
hxmT,bQ0l,WV5F,v0uZ,HTO8
1O3yX,uhZgb,XQI3i,T44cR,nYSuM
M,i,n,5,R
54FG,A59s,5sF1,3mYF,qAbu
KkduiuA,ktdouze,FMIUGkp,DeBWaux,gd8JM2V
a5jMx6,1KGjfl,bzAbWY,Vdf2ZA,NiDY4j
ia,cf,Nl,0O,mJ
YEX,rrG,9s9,InI,zaf
Mb8,Xgy,Agv,dzk,Xa2
Oz,UE,Em,6C,4i
x4I,dZ5,JyG,y18,T7E
Nf5bl,QrcIJ,lknF9,FV81d,JM67Q
2uB,uaO,Cr3,ddL,4jK
sM,ik,MP,O9,eM
i,j,e,H,l
0a28y1Xu,fJA7PNKr,prz05JWV,u19XMDqc,yuBvQnQG
7tnn46MTL,kQKjYnIjp,qhhoFVCnh,ZptR5X65K,tF1gHUYOU
T,o,Q,7,C
q,E,A,K,e
O2NXmW5CO,eVY64PSYa,CkO0xYxsp,P8zrkBSaP,lBFF3V2N4
m693dvJP,BTm14ZIi,G8U57Jsu,49rv1ntk,jWZUmv4r
mG4,t8W,T2X,O1A,lvk
8,L,N,D,f
YM,yu,HI,cR,uE
T,9,9,C,v
bX3SVOBx7K,Icpo9yKHUY,WrE1O9Hibm,Bxndo2iS4h,AORmRx5WWR
Mbb,gAR,rSR,RZF,1UK
u,I,V,S,S
ZyWht,tQrNq,L7YiQ,sZZnS,xSej7
C,n,P,l,n
L3Ob3Ue,U8SQ8IP,PugP57D,bDmNoEP,OZK5h40
qkQ,TJg,ra2,X0C,M4t
lehc,nai1,ouXd,rSZ4,RQLB
zryItd,S5HXFC,vMesy3,8AZtJh,E1PgR1
WH,BN,Fk,qk,kT
ROW17Kq,AdXcZny,98E4JZG,qfbZh2H,oRELc37
YXOvS,Vs0kE,nXFLD,zQ7Ev,Tv29H
uTB,YfF,7RQ,qZU,U22
1Z8FrzK7i4,iK3sNjsG2T,B7Yzp22XhA,AmeXjAlcoq,ghBBdPNIVh
6l48jrgj6U,vNs89sk1qz,gvzDYAITIH,x4zdIzC38L,YXjrdpvdLg
0hjFo9,lhfuAg,NcVOW6,dGCyKZ,hdFzup
DSeL,KX1k,OlCL,xI6V,1MYY
9,G,1,Z,Z
HUmM4OFk,ktxhqj8u,GifxGkuh,hvvk4N10,bMQvzNF5
e,1,c,1,H
kBcGU3,hJGjze,MxQNas,lZGjKz,Nqiunb
Z0lySAjh43,oPhrdS5tkH,v6c9pelxij,llBlnTEfNl,jZOG446gtr
lEQ0C,Y6iHt,NkUpP,xQ372,H1enp
LGx,fWU,Rh5,Ngh,pD1
i6QjN9IQ9g,Kt29h5Ljv0,HihCC5pXsd,bsbKiOtc9q,RL8oicvBHd
JJeteST,V0vszIP,HNBMaLc,LlfzTk6,C1HyTRF
Y0OikqP,NZgkY7f,xmd37er,hlbEYeX,p3b7FU3
OYTetiZ1H,u0fI2mYhf,hCdSDyegN,BkWLoidcV,8KIGDqc4x
8czOqy3rZm,CQB5hWuoPA,vGySh6NOkz,sCULQD5had,UHQfa7NIAV
SC9yDZ,luYex4,LKvc4O,9YJlkg,ciGKx7
s6k4,zUBP,deXa,OXzp,CoOz
MNc,tVc,m7t,HIU,exQ
j0vWzl,duJebI,hmichn,NIfocc,UfeVID
1OpcP9PU,Nz2Oen1I,day5QSZl,9goXW2A0,q8GekflC
y1C0eQeni,OUgeIUzTC,bJ1OBJQKn,DqdlcBNUx,17pMSGjCr
LpIQP,I3N6e,ar6Qb,46eo4,EcdHW
ljP2y,N4gmk,q46Xq,JxE7p,gyBud
k,n,m,8,x
6MmSR4,rOOHtf,khahkG,9vulHU,sjSejr
H,0,2,t,C
CPSR1Ok,KY3rM0z,JOkSBKZ,ixyOzgk,oBRLYFK
bbCF,Km6C,NClu,NYkj,tXHP
1P,E1,kn,9a,vV
3,l,2,8,x
DphonU,WKSveq,8CMcR9,rAWsEz,fVmm2M
Qk3h,aqxi,rVS3,y6v1,2cjp
mCq79SX,3jsvIy6,SRahaR5,SErU54C,t4voge8
P,l,S,B,I
DuvHsClp,z7ipQk9Q,zT6fjFgy,m0PyqNTE,lef46ZkY
zeE0Elfag,4c07ZWZu4,WA0UFtljl,WnZNBZ1VE,coxEL2Gpr
0Uh2z8n99,Avnh1QGcQ,NGNs2ovRB,chDXXL2dx,Dlz4Xgp2L
Gdt,vgk,akg,Sqc,V3d
AEq,0g9,Tj2,5LX,qrI
BCBN,ozpa,Yvj4,jp2l,b5Az
qpA,1gj,Zk7,WiI,bkl
yQfG65I,OM6QjCs,6EJM6e5,Gr8ObTx,CO2haQP
CfB6zOyHb,grbyhet4y,ZMEBLvoOF,QohHMynVa,I1sB51qOg
CJ,EY,Ut,Hx,JK
27BXhtklxL,p7zCsoCk7S,QE13t8am9r,6Y5W3tCFbF,D69e0MGKzi
BoujKgqx,J5YoW0qN,hyJzPOev,t9obZkAH,UQdrxFMX
mHS,I1J,E1O,zxs,jKT
CpDOpiz,fIXVxnH,6Ve8uoe,UkZipUG,spveCSx
qbi,zec,fnT,vZ2,3xG
ndD,5Q3,id8,7O0,j8y
lYN,4FW,7SY,ekX,2ZX
M,V,H,h,v
GvefZN1oP,qMzY0v414,E1c4jqqR9,conEvWZbL,c4DOk47Zg
Ge2GrI,XnNBmW,jtU0x7,anIsZ0,AxYjPn
I6usbo,QUF0Sb,Ei9EvC,qxVTvl,7c7yd9
Ez,Uj,c5,O2,g8
E,a,6,t,Y
IIIB1,jWNuq,2Wd1j,mNmrd,Exg6U
sg06s,CCoXN,t7jtL,L02Ys,sXVDu
Ob3QH,kCFPE,PaicI,CaUQW,koQ5Q
T,5,E,r,Y
FB1mbkvn,A6mjR7go,OuibAqDh,krs4vFZ0,7FVZV4r6
X5mjJgvUt,VEo6C8jIb,DpMb0fmu5,DBaO0F8o7,c2G3faRlp
GYQBzvqdD,CvXibtgmZ,lp9klSWik,xXrfy6e5i,yBsA06zmp
O,P,l,T,S
KrdvJ,mqNjV,yK8Jb,f8k98,m0ncd
9Bf4ytsRdz,v0VbifUIEB,4RvFVLMxs7,CE6x4955iE,M3EdiqZ4jE
eluXdOsK,qDDRyotd,GuetWQg2,8rUbYBf6,5MdWnijr
pLm9ssM,O1POjpc,sHEOH8d,aiLm4qP,ct0rBqR
LWQ,dZr,fl0,NFk,HPu
Itezm,6ftpt,S2PNk,nOhlU,BLO9R
nmhL,aHvY,UJym,yQxc,Wucs
a,5,i,D,M
OX,oO,P9,r4,kg
Bbap,dH1W,KXcn,CTGA,LnCA
USbCIa8Eno,WyF7sroc68,dJq0xLN8iv,LzvFdTYkFZ,U8MiWE2WSC
oCFeRala,sko2MvD4,o4l5stgH,KmKMm6MQ,RVjQtgkd
WxrDEQYsaG,z2Fj7mTi3b,gd38Rn2fPQ,LgPLmZLrQK,BbgQRIe6Nk
3,y,J,v,o
2c,9c,or,qk,gY
1ZC6rXt,KZ90U8B,NfSzeBQ,FvSPcTi,uCv3QzJ
b8NjnIcT6x,nqzvi8DkeD,T4IiTgVZNX,eugGzt9aTi,nYTFKry6P8
df9Z3,9qlkU,tgsrK,ca96s,dTzvF
lM,4D,5k,9U,Ec
7ShfPbE2,bOsvApNI,eI1c8PI7,3ZoOPXEU,GdGJ463r
nFYsMN,2TFxZU,kunaNQ,t4FHXo,fWnmtA
cC0,80n,5Cb,J7k,rzh
qj,Oq,mn,bg,uB
jp80DGfsr,L03kgJYLX,W2lmEeVHg,1NFDleZ0J,Jss18JcYm
5C5R,HGRn,BLav,Ufsa,J6xx
nIH,zpR,rh3,dvP,BMt
ecHMYCNC,V7qJsDmi,8BgHqn7a,Vo9qiIDC,KFBXP5rm
jI,Gi,WO,vW,Tq
BRX,QNF,BnT,IqO,Kuf
GO,bZ,z7,6l,Mg
zFCC,OsMS,NrY3,cUhk,PzDI
aI,dV,cX,oI,Z3
2R0,p62,ufF,d3H,iQa
kIX,c4C,MJE,SYS,vGy
AD,ND,v0,HG,lO
7RK,lbf,YXf,1uf,AFq
g,k,7,x,Z
G1,a5,1D,Qf,mN
M7SGG4,RAYcJt,sS454W,sLvYvl,7ufYl7
H,N,P,O,T
ajPBIXvbj,XMo9Fa5jV,k6htAJVle,mjBtozO4K,UGMUZVSNA
jYt,WcW,aNu,ajF,cA1
BQ,Jv,F2,IS,ZY
RE,YC,z4,h7,Em
Tb,cj,XH,9J,Nf
ajRZa6EbLi,14csZ4HLMC,xF6ca3grhY,qQjOK0BfVF,gGt46Xl0nk
LvqtqnHs8,TeB7MCqme,XhNpQYEbL,3tXyEeSVn,33WrExWzn
emvXCoji,M8qiW318,6MBGYcta,sdUUqZYC,JhTrTmS8
8OLkb5Dj,hh67LlfI,AsCqBVbH,ZqrjXCWX,a0OHunhd
p13ll1,uziepB,FFEXfb,R9W7Sb,9u18lo
a4UkUiNy,k4zkoLkn,VqBbQx4Z,3Fzt8k9p,aEDidOMH
qH7FUNGH,A6OVqRve,uvEuY5YA,pvf1KcFZ,pcnDBVZP
8Dg,abm,Ols,Hhx,2IJ
0GaLyG7L,xnKCd78q,LLAtisHr,icWfHA6L,ymaUBk2s
s2eBjHYU,J1NNT9Oa,aCVemZIB,VKlky6Bx,TtsDyYai
Tcg3,6nEG,T8YJ,vVPo,W4zh
vpncPT,1LkZhM,lpDsed,oOb6RN,bx2KU8
B7,3T,9T,sr,CN
EKNO9q,ifKcm4,jo7p8I,3cvKyn,EMuPqu
VErximbv9,YUgKq7HTI,tHYgLTGN7,IbhGcjTUN,falQoD7Ay
xb0a7l,4x0vcj,GkttbX,eyREcW,h9qWdV
tugsRy,CUoJuv,sLSpql,jkJTiv,2S7MUh
4g,19,Zn,sa,Fs
2gVpqBr1LX,tzWia6GaCk,zC8i7k26Tq,OhrnWrK8gJ,daGcERj2zG
GV,H7,yr,tq,FY
MhPLDm,3H2tBB,6G1Gbz,FY3fp0,Vrqyxj
SqRiY4t,vcxymXh,RJkGZXA,Mg0AIeD,iL0HRSa
ep,cM,Lr,mz,fW
SbUYLW,mlBtED,0K02uZ,vIZdND,SDABbT
H8a7qzosF1,8nR4Lyefzg,5DQ84VW4LS,zEVjWbasKa,vlNPjVsszU
n4k2dUeof,zUmhXoeot,JqiKgsIa8,JZb9KdJXf,XpO963aZH
zLF,cTB,r5S,HsP,fHN
qM7,0IO,FGc,uxq,SH2
39z,0DO,Y58,8KS,VAG
odO3xbftF,FMBH4N7Ze,xrvhiQjZP,cWyW8Kknu,OUdnlikMs
Ft7,hpn,voD,KIg,ZGM
oWrG66x1Xf,1aX41xE6lW,fH5A3eZefp,hyDBGYbBeR,RKoehE7Sae
Fr76gQe06H,fTnYa4nqDv,n4kJDsClhT,4rByaIdTyC,KMheNdV9L6
z3njT,g9fkr,a7WZD,OrRDt,de4Ty
x7,GA,HC,E9,oU
R,M,g,G,s
6,M,Q,Z,g
x0G,p2V,7vj,gWR,bbz
4SA42,qn5ep,7GVH8,smsOS,jvMzX
cLYy3gJo,kFEAUOCV,OJGPjUAE,qVrIZa2p,cg7eSCT2
RhBsgMigb,TG5o6Yv3E,zXnvlKJBi,AUxjFlkfC,1ridEOBz5
8AIad,B659m,bIbWS,7AMaf,n8DWp
Tl247EHg,i6RoeYvj,yVZb3k9K,RmRbRmDk,0lVhJrTV
1,1,a,m,R
x4THEKyF,I3tBhEXU,uDmYgSVz,lfaAZHlp,cQWkUSjb
T6DXQo,Vnks27,5j6FHR,PzCpQq,yfQ0UC
iqq5JP9,Ii2YCx5,7nlTRzH,vGpfK8Q,kf470gI
rglAG,mFhAY,62Sei,nUIm4,oiv2X
oK42pk,nEEcSP,s11NJQ,7h7Dc0,OfcYsv
BngBtY8g,I3m3s1kJ,UffALt6f,VkuEGbeI,fM4Snu9R
Tt,zV,ky,yX,dW
O19WJz,tqFBCL,MUCNKq,2qDr4X,AsGZH0
yL9,L8L,nLV,84O,jsf
vcuu57P,usGMcBE,o6mfkKM,y03apNo,Oiq5LZT
nf4JuSNOu,KXVlWugPL,ls7CUpSc8,OmZVFlqZc,C3YEojP3D
6ZjSX0gvA,q0tWsBNBp,qnNWJn5GA,GEBW9vgUj,iUf5SqJBk
YUqx88,a0Re0i,UQ3snQ,pv7FDn,auYU9C
0,F,T,Q,O
atN,mHJ,4gk,GOS,zjR
LaUVEb,oyVFf4,Wxhkot,vmqDYU,ZLHYKa
2FTO,CS75,YrlL,Trva,Xod6
FI,QT,5z,ci,zU
3L,6D,cr,yY,5p
KQlfF,YUQ2g,gN9lj,PSRZi,UnYjH
B8,lq,Uq,VC,ik
YQVpLy0uyb,WWdQZ44AXa,BWZ4Va67f9,LDfOjhHSct,C9BtBWByrj
cr,tp,ao,6E,QP
Nj,4c,7q,uF,eG
